classGrade,stage,subject,subjectCode,topic,description,learningObjectives,month,bloomLevels
III,PREPARATORY,Mathematics,MATH,Knowing Our Numbers,"Understanding number concepts and place value","Students recognize numbers up to 999; Students understand place value (units, tens, hundreds); Students compare and order numbers",July-August,"REMEMBER,UNDERSTAND,APPLY"
III,PREPARATORY,Mathematics,MATH,Addition and Subtraction,"Learning addition and subtraction operations","Students add numbers up to 999; Students subtract numbers up to 999; Students solve word problems involving addition/subtraction",August-September,"UNDERSTAND,APPLY"
III,PREPARATORY,Mathematics,MATH,Multiplication,"Introduction to multiplication concepts","Students understand multiplication as repeated addition; Students learn multiplication facts (2, 5, 10 tables); Students solve simple multiplication problems",September-October,"UNDERSTAND,APPLY"
III,PREPARATORY,Mathematics,MATH,Division,"Learning division concepts and facts","Students understand division as inverse of multiplication; Students divide using known multiplication facts; Students solve division word problems",October-November,"UNDERSTAND,APPLY"
III,PREPARATORY,Mathematics,MATH,Fractions,"Introduction to fractions","Students identify halves and quarters; Students compare and order fractions; Students understand whole and parts",November-December,"REMEMBER,UNDERSTAND"
III,PREPARATORY,Mathematics,MATH,Measurement,"Understanding length, weight, and capacity","Students measure length using non-standard and standard units; Students understand mass and capacity concepts; Students compare objects",December-January,"APPLY,ANALYZE"
III,PREPARATORY,Mathematics,MATH,Geometry,"Learning basic geometric shapes","Students identify and name 2D shapes (circle, triangle, rectangle, square); Students identify 3D shapes (cube, sphere, cuboid); Students understand symmetry in shapes",January-February,"REMEMBER,UNDERSTAND,ANALYZE"
III,PREPARATORY,Mathematics,MATH,Data Handling,"Collecting and representing data","Students collect data through simple surveys; Students represent data using tally marks and pictographs; Students interpret simple graphs",February-March,"APPLY,ANALYZE"
III,PREPARATORY,English,ENG,Basic Reading,"Simple texts and stories","Students read simple sentences and short stories; Students understand basic vocabulary; Students identify key ideas in text",July-August,"REMEMBER,UNDERSTAND"
III,PREPARATORY,English,ENG,Writing Skills,"Composition basics","Students write simple sentences; Students compose short paragraphs; Students express ideas in writing",August-September,"APPLY"
III,PREPARATORY,English,ENG,Grammar Fundamentals,"Parts of speech","Students identify nouns, verbs, and adjectives; Students form simple sentences; Students understand basic punctuation",September-October,"UNDERSTAND,APPLY"
III,PREPARATORY,English,ENG,Vocabulary Development,"Word meanings","Students learn new vocabulary in context; Students understand synonyms and antonyms; Students use words in sentences",October-November,"UNDERSTAND,APPLY"
III,PREPARATORY,English,ENG,Poetry and Rhyme,"Poems and verses","Students recite and enjoy poetry; Students identify rhyming words; Students understand rhythm and patterns in poems",November-December,"UNDERSTAND,ANALYZE"
III,PREPARATORY,English,ENG,Speaking and Listening,"Oral communication","Students speak clearly in class; Students listen to stories and instructions; Students participate in conversations",December-January,"APPLY"
III,PREPARATORY,Science,SCI,Living Things,"Animals and plants","Students identify different animals and their habitats; Students learn about plant parts; Students understand living and non-living things",July-August,"REMEMBER,UNDERSTAND"
III,PREPARATORY,Science,SCI,Human Body Basics,"Body parts and functions","Students identify body parts; Students understand basic functions of body organs; Students learn about health and hygiene",August-September,"UNDERSTAND"
III,PREPARATORY,Science,SCI,Food and Nutrition,"Healthy eating","Students understand different types of food; Students learn about nutrition; Students understand balanced diet",September-October,"UNDERSTAND,APPLY"
III,PREPARATORY,Science,SCI,Water and Air,"Elements of environment","Students understand properties of water; Students learn about air and its importance; Students understand water cycle basics",October-November,"UNDERSTAND"
III,PREPARATORY,Science,SCI,Weather and Seasons,"Climate patterns","Students understand weather changes; Students learn about different seasons; Students observe weather patterns",November-December,"REMEMBER,UNDERSTAND"
III,PREPARATORY,Science,SCI,Light and Shadow,"Basics of light","Students understand light and shadow; Students observe light behavior; Students understand day and night",December-January,"UNDERSTAND"
III,PREPARATORY,Social Studies,SST,My Family and Community,"Family structures","Students understand family relationships; Students learn about different family types; Students understand community roles",July-August,"REMEMBER,UNDERSTAND"
III,PREPARATORY,Social Studies,SST,Our School and Neighborhood,"Local environment","Students understand school organization; Students learn about neighborhood; Students recognize local landmarks",August-September,"REMEMBER,UNDERSTAND"
III,PREPARATORY,Social Studies,SST,Occupations and Work,"Different jobs","Students learn about various occupations; Students understand how people work; Students appreciate different professions",September-October,"UNDERSTAND"
III,PREPARATORY,Social Studies,SST,Transportation and Communication,"Movement of people","Students learn about different modes of transport; Students understand communication methods; Students recognize transport safety",October-November,"UNDERSTAND,APPLY"
III,PREPARATORY,Social Studies,SST,Festivals and Culture,"Celebrations","Students learn about festivals; Students understand cultural traditions; Students celebrate diversity",November-December,"REMEMBER,UNDERSTAND"
III,PREPARATORY,Social Studies,SST,Maps and Directions,"Geography basics","Students understand maps; Students learn directions (North, South, East, West); Students recognize geographical features",December-January,"REMEMBER,UNDERSTAND"
IV,PREPARATORY,Mathematics,MATH,Knowing Our Numbers,"Understanding larger numbers and place value","Students recognize numbers up to 99,999; Students understand place value (units, tens, hundreds, thousands, ten thousands); Students use expanded form",July-August,"REMEMBER,UNDERSTAND,APPLY"
IV,PREPARATORY,Mathematics,MATH,Addition and Subtraction,"Multi-digit addition and subtraction","Students add multi-digit numbers with and without regrouping; Students subtract multi-digit numbers; Students solve multi-step word problems",August-September,"APPLY,ANALYZE"
IV,PREPARATORY,Mathematics,MATH,Multiplication,"Multiplication of larger numbers","Students multiply 2-digit numbers by single-digit numbers; Students understand properties of multiplication; Students solve real-world multiplication problems",September-October,"APPLY,ANALYZE"
IV,PREPARATORY,Mathematics,MATH,Division,"Division of multi-digit numbers","Students divide multi-digit numbers by single-digit divisors; Students understand quotient and remainder; Students apply division in word problems",October-November,"APPLY,ANALYZE"
IV,PREPARATORY,Mathematics,MATH,Fractions,"Fractions and operations","Students identify unit fractions and compare fractions; Students add and subtract like fractions; Students understand equivalent fractions",November-December,"UNDERSTAND,APPLY,ANALYZE"
IV,PREPARATORY,Mathematics,MATH,Decimals,"Introduction to decimal numbers","Students understand place value in decimals; Students compare decimal numbers; Students recognize money as decimal application",December-January,"REMEMBER,UNDERSTAND,APPLY"
IV,PREPARATORY,Mathematics,MATH,Measurement,"Measuring length, mass, and capacity","Students convert between units (meters and centimeters); Students estimate and measure using standard units; Students solve measurement word problems",January-February,"APPLY,ANALYZE"
IV,PREPARATORY,Mathematics,MATH,Geometry,"Geometric shapes and properties","Students classify 2D and 3D shapes; Students understand angles (right, acute, obtuse); Students recognize perpendicular and parallel lines",February-March,"UNDERSTAND,ANALYZE"
IV,PREPARATORY,Mathematics,MATH,Symmetry and Patterns,"Understanding symmetry and patterns","Students identify line of symmetry in shapes; Students create patterns; Students recognize rotational symmetry",March-April,"ANALYZE,CREATE"
IV,PREPARATORY,English,ENG,Reading Comprehension,"Stories and passages","Students read short stories; Students understand plot and characters; Students answer comprehension questions",July-August,"UNDERSTAND,ANALYZE"
IV,PREPARATORY,English,ENG,Writing and Composition,"Paragraph writing","Students write coherent paragraphs; Students compose short stories; Students write descriptive passages",August-September,"APPLY,CREATE"
IV,PREPARATORY,English,ENG,Grammar Structures,"Complex sentences","Students use complex sentence structures; Students understand tenses; Students use correct punctuation",September-October,"APPLY,ANALYZE"
IV,PREPARATORY,English,ENG,Vocabulary and Spelling,"Word skills","Students learn new vocabulary; Students spell words correctly; Students understand word families",October-November,"UNDERSTAND,APPLY"
IV,PREPARATORY,English,ENG,Literature and Poetry,"Literary appreciation","Students read poetry and stories; Students identify literary devices; Students understand themes",November-December,"ANALYZE"
IV,PREPARATORY,English,ENG,Oral Communication,"Speaking skills","Students speak fluently; Students participate in discussions; Students give presentations",December-January,"APPLY"
IV,PREPARATORY,Science,SCI,Living Organisms,"Animals and plants classification","Students classify animals and plants; Students understand habitats and adaptation; Students learn food chains",July-August,"UNDERSTAND,APPLY"
IV,PREPARATORY,Science,SCI,Human Body,"Body systems","Students understand digestive system; Students learn about respiratory system; Students understand skeletal system",August-September,"UNDERSTAND,APPLY"
IV,PREPARATORY,Science,SCI,Health and Hygiene,"Disease prevention","Students understand hygiene practices; Students learn about diseases and prevention; Students understand nutrition",September-October,"APPLY"
IV,PREPARATORY,Science,SCI,Water,"Properties and uses","Students understand water cycle; Students learn about water conservation; Students understand water pollution",October-November,"UNDERSTAND,APPLY"
IV,PREPARATORY,Science,SCI,Weather and Climate,"Seasonal changes","Students observe weather patterns; Students understand weather instruments; Students learn climate characteristics",November-December,"UNDERSTAND,APPLY"
IV,PREPARATORY,Science,SCI,Energy and Motion,"Force and work","Students understand force and motion; Students learn about simple machines; Students understand work and energy basics",December-January,"APPLY,ANALYZE"
IV,PREPARATORY,Social Studies,SST,Early Indian History,"Ancient civilizations","Students learn about Indus Valley Civilization; Students understand Vedic period; Students study early kingdoms",July-August,"REMEMBER,UNDERSTAND"
IV,PREPARATORY,Social Studies,SST,Mughal Period,"Empire and culture","Students learn about Mughal emperors; Students understand Mughal architecture; Students study administrative systems",August-September,"UNDERSTAND,ANALYZE"
IV,PREPARATORY,Social Studies,SST,British India,"Colonial period","Students learn about British rule; Students understand independence movement; Students study resistance to colonialism",September-October,"UNDERSTAND,ANALYZE"
IV,PREPARATORY,Social Studies,SST,Geography of India,"Physical features","Students learn about mountains, rivers, and plains; Students understand climate zones; Students study geographical regions",October-November,"UNDERSTAND,APPLY"
IV,PREPARATORY,Social Studies,SST,Indian Culture,"Traditions and values","Students learn about festivals; Students understand cultural practices; Students study heritage sites",November-December,"UNDERSTAND"
IV,PREPARATORY,Social Studies,SST,Government and Constitution,"Basic governance","Students understand what government does; Students learn about Constitution basics; Students understand rights and duties",December-January,"REMEMBER,UNDERSTAND"
V,PREPARATORY,Mathematics,MATH,Knowing Our Numbers,"Place value and number operations","Students understand place value up to 1,00,000 (1 lakh); Students use Vedic mathematics tricks for rapid calculation; Students order and compare large numbers",July-August,"APPLY,ANALYZE"
V,PREPARATORY,Mathematics,MATH,Whole Numbers,"Operations on whole numbers","Students add and subtract multi-digit whole numbers with carry-over and borrow; Students multiply multi-digit numbers; Students divide with remainder; Students understand properties of whole numbers (commutative, associative, distributive)",August-September,"APPLY,ANALYZE"
V,PREPARATORY,Mathematics,MATH,Playing with Numbers,"Factors, multiples, and divisibility","Students identify factors and multiples of numbers; Students understand divisibility rules; Students recognize prime and composite numbers; Students find LCM and HCF",September-October,"APPLY,ANALYZE"
V,PREPARATORY,Mathematics,MATH,Fractions,"Operations with fractions","Students add and subtract fractions with different denominators; Students multiply fractions; Students divide fractions; Students understand improper fractions and mixed numbers",October-November,"APPLY,ANALYZE"
V,PREPARATORY,Mathematics,MATH,Decimals,"Decimal operations","Students add and subtract decimals; Students multiply decimals; Students divide decimals; Students convert between fractions and decimals",November-December,"APPLY,ANALYZE"
V,PREPARATORY,Mathematics,MATH,Algebra,"Introduction to variables and expressions","Students use variables to represent unknowns; Students write simple algebraic expressions; Students solve simple equations; Students create and extend patterns",December-January,"APPLY,ANALYZE,CREATE"
V,PREPARATORY,Mathematics,MATH,Ratio and Proportion,"Understanding ratios","Students identify ratios in real situations; Students simplify ratios; Students understand proportion; Students apply ratios to solve problems",January-February,"APPLY,ANALYZE"
V,PREPARATORY,Mathematics,MATH,Geometry,"Angles and shapes","Students understand angle concepts and measurement; Students classify triangles and quadrilaterals; Students identify properties of 2D shapes; Students understand perimeter",February-March,"APPLY,ANALYZE"
V,PREPARATORY,Mathematics,MATH,Perimeter and Area,"Calculating measurements","Students calculate perimeter of rectangles and triangles; Students calculate area of rectangles; Students solve real-world problems involving perimeter and area",March-April,"APPLY,ANALYZE"
V,PREPARATORY,Mathematics,MATH,Data Handling,"Organizing and interpreting data","Students collect and organize data; Students create bar graphs, pictographs, and simple line graphs; Students find average, mode, and range; Students interpret graphs and draw conclusions",April-May,"APPLY,ANALYZE,EVALUATE"
V,PREPARATORY,English,ENG,Reading Skills,"Comprehension and analysis","Students read diverse texts; Students answer comprehension questions; Students make inferences; Students analyze story elements",July-August,"UNDERSTAND,ANALYZE"
V,PREPARATORY,English,ENG,Writing Skills,"Expressive writing","Students write stories and narratives; Students compose essays; Students write letters; Students express opinions",August-September,"APPLY,CREATE"
V,PREPARATORY,English,ENG,Grammar,"Sentence patterns","Students understand complex sentence structures; Students master tenses; Students use punctuation correctly; Students understand parts of speech",September-October,"APPLY"
V,PREPARATORY,English,ENG,Vocabulary,"Word learning","Students expand vocabulary; Students understand word meanings; Students use words in context; Students recognize word families",October-November,"UNDERSTAND,APPLY"
V,PREPARATORY,English,ENG,Literature,"Stories and poems","Students read and analyze stories; Students appreciate poetry; Students understand literary elements; Students identify themes",November-December,"ANALYZE,EVALUATE"
V,PREPARATORY,English,ENG,Communication,"Speaking and presentation","Students speak fluently; Students present ideas; Students engage in discussions; Students listen actively",December-January,"APPLY"
V,PREPARATORY,Science,SCI,The Living World,"Living organisms","Students understand characteristics of living things; Students classify organisms; Students learn about biodiversity; Students understand ecosystems",July-August,"UNDERSTAND,APPLY"
V,PREPARATORY,Science,SCI,Human Body and Nutrition,"Body functions","Students understand human body systems; Students learn about nutrition and digestion; Students understand health concepts",August-September,"UNDERSTAND,APPLY,ANALYZE"
V,PREPARATORY,Science,SCI,Respiration and Health,"Breathing systems","Students understand respiration; Students learn about respiratory diseases; Students understand health and hygiene practices",September-October,"APPLY"
V,PREPARATORY,Science,SCI,The Atmosphere,"Air and weather","Students understand atmosphere; Students study weather phenomena; Students understand climate; Students learn about air pollution",October-November,"UNDERSTAND,APPLY"
V,PREPARATORY,Science,SCI,Water and Soils,"Earth resources","Students understand water cycle; Students learn about water conservation; Students study soil formation; Students understand soil types",November-December,"UNDERSTAND,APPLY"
V,PREPARATORY,Science,SCI,Physical Phenomena,"Light and energy","Students understand light and shadow; Students learn about heat transfer; Students study simple machines; Students understand energy forms",December-January,"APPLY,ANALYZE"
V,PREPARATORY,Social Studies,SST,Early Civilizations,"Ancient world history","Students learn about ancient Indian civilizations; Students understand ancient empires; Students study cultural developments",July-August,"REMEMBER,UNDERSTAND"
V,PREPARATORY,Social Studies,SST,Medieval India,"Kingdom period","Students learn about medieval kingdoms; Students understand feudalism; Students study cultural and architectural developments",August-September,"UNDERSTAND,ANALYZE"
V,PREPARATORY,Social Studies,SST,Modern India,"Recent history","Students understand Industrial Revolution effects; Students learn about Indian independence; Students study modern nation-building",September-October,"UNDERSTAND,ANALYZE"
V,PREPARATORY,Social Studies,SST,Geography,"Indian subcontinent","Students understand India's geography; Students learn about climate zones; Students study vegetation and wildlife",October-November,"UNDERSTAND,APPLY"
V,PREPARATORY,Social Studies,SST,Government and Citizens,"Rights and responsibilities","Students understand Indian Constitution; Students learn about government structure; Students understand citizen responsibilities",November-December,"UNDERSTAND,APPLY"
V,PREPARATORY,Social Studies,SST,Economic Activities,"Occupations and trade","Students learn about various occupations; Students understand production and distribution; Students study trade and commerce",December-January,"UNDERSTAND,APPLY"
VI,MIDDLE,Mathematics,MATH,Knowing Our Numbers,"Number system and place value","Students understand numbers up to lakhs; Students know Hindu-Arabic numeral system; Students compare, order, and round large numbers; Students understand BODMAS",July-August,"REMEMBER,UNDERSTAND,APPLY"
VI,MIDDLE,Mathematics,MATH,Whole Numbers,"Number line and properties","Students represent whole numbers on number line; Students understand whole number properties; Students perform operations and apply them to word problems",August-September,"APPLY,ANALYZE"
VI,MIDDLE,Mathematics,MATH,Playing with Numbers,"Factors and multiples","Students find factors and multiples; Students understand divisibility tests; Students identify prime and composite numbers; Students find GCD and LCM",September-October,"APPLY,ANALYZE"
VI,MIDDLE,Mathematics,MATH,Basic Geometrical Ideas,"Geometric fundamentals","Students understand points, lines, line segments, rays; Students identify angles and their classification; Students understand plane figures and their properties",October-November,"REMEMBER,UNDERSTAND"
VI,MIDDLE,Mathematics,MATH,Understanding Elementary Shapes,"Classifying shapes","Students classify polygons; Students identify and name triangles and quadrilaterals; Students understand circles and their properties; Students measure angles using protractor",November-December,"UNDERSTAND,APPLY,ANALYZE"
VI,MIDDLE,Mathematics,MATH,Integers,"Positive and negative numbers","Students understand integers and their representation on number line; Students compare and order integers; Students add and subtract integers; Students multiply and divide integers",December-January,"APPLY,ANALYZE"
VI,MIDDLE,Mathematics,MATH,Fractions,"Fraction concepts and operations","Students identify and represent fractions; Students compare and order fractions; Students add and subtract fractions; Students multiply fractions by whole numbers; Students understand mixed numbers",January-February,"APPLY,ANALYZE"
VI,MIDDLE,Mathematics,MATH,Decimals,"Decimal numbers","Students understand decimal representation; Students compare and order decimals; Students add and subtract decimals; Students multiply and divide decimals; Students convert between decimals and fractions",February-March,"APPLY,ANALYZE"
VI,MIDDLE,Mathematics,MATH,Algebra,"Variables and equations","Students use variables; Students write algebraic expressions; Students solve simple linear equations; Students understand and create patterns",March-April,"APPLY,ANALYZE"
VI,MIDDLE,Mathematics,MATH,Ratio and Proportion,"Comparing quantities","Students understand ratio; Students find equivalent ratios; Students understand proportion; Students apply ratio and proportion in problems",April-May,"APPLY,ANALYZE"
VI,MIDDLE,Mathematics,MATH,Symmetry,"Line and rotational symmetry","Students identify line of symmetry; Students draw symmetric figures; Students understand rotational symmetry; Students identify symmetry in natural objects",May-June,"ANALYZE"
VI,MIDDLE,English,ENG,Reading and Comprehension,"Literary texts","Students read and comprehend short stories; Students identify story elements; Students make inferences; Students discuss themes",July-August,"UNDERSTAND,ANALYZE"
VI,MIDDLE,English,ENG,Writing Skills,"Essays and narratives","Students write essays; Students compose narratives; Students write descriptive passages; Students express ideas coherently",August-September,"APPLY,CREATE"
VI,MIDDLE,English,ENG,Grammar,"Sentence structures","Students understand complex sentences; Students master all tenses; Students use punctuation correctly; Students identify parts of speech",September-October,"APPLY,ANALYZE"
VI,MIDDLE,English,ENG,Vocabulary and Spelling,"Language development","Students expand vocabulary; Students understand context; Students use synonyms and antonyms; Students spell complex words",October-November,"UNDERSTAND,APPLY"
VI,MIDDLE,English,ENG,Poetry and Literature,"Poetic appreciation","Students read and analyze poems; Students identify poetic devices; Students understand literary devices; Students analyze themes",November-December,"ANALYZE,EVALUATE"
VI,MIDDLE,English,ENG,Speaking and Listening,"Communication skills","Students present ideas fluently; Students engage in discussions; Students listen critically; Students participate in group activities",December-January,"APPLY"
VI,MIDDLE,Science,SCI,Living Organisms and Environment,"Classification and habitats","Students classify organisms (plants and animals); Students understand different habitats; Students learn food chains and food webs; Students understand adaptation",July-August,"REMEMBER,UNDERSTAND,APPLY"
VI,MIDDLE,Science,SCI,Body Organization and Life Processes,"Human body systems","Students understand basic body organization; Students learn about digestion, respiration, circulation systems; Students understand nutrition and health",August-September,"UNDERSTAND,APPLY"
VI,MIDDLE,Science,SCI,Plant Processes,"Nutrition in plants","Students understand photosynthesis; Students learn about plant growth; Students understand structure of plant organs (roots, stem, leaves, flowers)",September-October,"UNDERSTAND,APPLY"
VI,MIDDLE,Science,SCI,Force and Motion,"Physical concepts","Students understand force and its effects; Students learn about motion, speed, and velocity; Students understand friction, pressure, simple machines",October-November,"APPLY,ANALYZE"
VI,MIDDLE,Science,SCI,Energy,"Forms and transfer of energy","Students understand different forms of energy (heat, light, sound); Students learn energy transfer and transformation; Students understand renewable and non-renewable energy sources",November-December,"UNDERSTAND,APPLY,ANALYZE"
VI,MIDDLE,Science,SCI,Matter,"Properties and states","Students understand properties of matter; Students learn about states of matter (solid, liquid, gas); Students understand physical and chemical changes; Students learn about separation of substances",December-January,"UNDERSTAND,APPLY"
VI,MIDDLE,Science,SCI,Diversity in Living Organisms,"Biological classification","Students understand diversity in living world; Students learn taxonomy and classification systems; Students identify different kingdoms, phyla; Students understand species and variation",January-February,"UNDERSTAND,ANALYZE"
VI,MIDDLE,Social Studies,SST,Early Humans and Society,"Prehistoric and ancient civilizations","Students learn about early humans and their evolution; Students understand development of society and culture; Students learn about ancient civilizations (Mesopotamia, Egypt, Indus Valley)",July-August,"REMEMBER,UNDERSTAND"
VI,MIDDLE,Social Studies,SST,Indian History,"Indian civilization and empires","Students learn about Indus Valley Civilization; Students study ancient Indian empires (Maurya, Gupta, Mughal); Students understand Indian culture and contributions",August-September,"REMEMBER,UNDERSTAND,ANALYZE"
VI,MIDDLE,Social Studies,SST,Geography of Earth,"Physical features and climate","Students understand Earth's structure and surface features; Students learn about climate, weather, seasons; Students understand vegetation and wildlife zones; Students study major geographical features",September-October,"REMEMBER,UNDERSTAND,APPLY"
VI,MIDDLE,Social Studies,SST,Government and Civics,"Structure of government","Students understand concept of government; Students learn about democracy; Students understand Constitution and laws; Students learn about rights and responsibilities of citizens",October-November,"UNDERSTAND,APPLY"
VI,MIDDLE,Social Studies,SST,Economics and Resources,"Production and economics","Students understand basic economics concepts; Students learn about natural resources and their utilization; Students understand occupations and livelihoods; Students study trade and commerce",November-December,"UNDERSTAND,APPLY"
VII,MIDDLE,Mathematics,MATH,Integers,"Operations on integers","Students add and subtract integers; Students multiply and divide integers; Students use integers in real-world contexts; Students understand rational numbers as integers",July-August,"APPLY,ANALYZE"
VII,MIDDLE,Mathematics,MATH,Fractions and Decimals,"Operations and conversions","Students add and subtract fractions and decimals; Students multiply and divide fractions; Students work with mixed fractions; Students convert between fractions and decimals",August-September,"APPLY,ANALYZE"
VII,MIDDLE,Mathematics,MATH,Data Handling,"Statistics basics","Students collect, organize, and represent data; Students calculate mean, median, mode; Students interpret bar graphs and line graphs; Students understand probability concepts",September-October,"APPLY,ANALYZE"
VII,MIDDLE,Mathematics,MATH,Simple Equations,"Linear equations","Students form and solve simple linear equations; Students solve equations with variables on both sides; Students apply equations to word problems",October-November,"APPLY,ANALYZE"
VII,MIDDLE,Mathematics,MATH,Lines and Angles,"Geometric concepts","Students understand angles and their relationships; Students study parallel and intersecting lines; Students learn angle properties; Students measure and construct angles",November-December,"UNDERSTAND,APPLY,ANALYZE"
VII,MIDDLE,Mathematics,MATH,Triangle and Its Properties,"Triangle properties","Students understand triangle types and properties; Students learn about angle sum property; Students understand congruence of triangles; Students solve problems involving triangles",December-January,"APPLY,ANALYZE"
VII,MIDDLE,Mathematics,MATH,Congruence of Triangles,"Similarity and congruence","Students understand congruency criteria (SSS, SAS, ASA, AAS); Students recognize congruent and similar figures; Students apply these concepts in proofs",January-February,"ANALYZE,EVALUATE"
VII,MIDDLE,Mathematics,MATH,Comparing Quantities,"Percentages and ratios","Students understand percentage; Students calculate discount and profit; Students solve problems involving ratios and proportions; Students understand simple interest",February-March,"APPLY,ANALYZE"
VII,MIDDLE,Mathematics,MATH,Rational Numbers,"Rational arithmetic","Students represent rational numbers on number line; Students add and subtract rational numbers; Students multiply and divide rational numbers; Students understand properties",March-April,"APPLY,ANALYZE"
VII,MIDDLE,Mathematics,MATH,Perimeter and Area,"Measurement problems","Students calculate perimeter of polygons; Students calculate area of triangles and quadrilaterals; Students solve composite area problems; Students understand volume basics",April-May,"APPLY,ANALYZE"
VII,MIDDLE,Mathematics,MATH,Algebraic Expressions,"Working with algebra","Students form and simplify algebraic expressions; Students add and subtract expressions; Students multiply monomials and binomials; Students understand like and unlike terms",May-June,"APPLY,ANALYZE"
VII,MIDDLE,English,ENG,Reading,"Advanced comprehension","Students analyze complex texts; Students understand multiple interpretations; Students evaluate author's style; Students draw inferences",July-August,"ANALYZE,EVALUATE"
VII,MIDDLE,English,ENG,Writing,"Creative expression","Students write essays on abstract topics; Students compose creative pieces; Students write persuasive essays; Students develop writing style",August-September,"APPLY,CREATE"
VII,MIDDLE,English,ENG,Grammar,"Advanced structures","Students master complex grammatical structures; Students use advanced punctuation; Students understand nuances of language",September-October,"APPLY,ANALYZE"
VII,MIDDLE,English,ENG,Literature,"Literary analysis","Students analyze literary works; Students understand literary conventions; Students study different genres; Students appreciate literary merit",October-November,"ANALYZE,EVALUATE"
VII,MIDDLE,Science,SCI,Nutrition and Digestion,"Digestive system","Students understand nutrition in plants and animals; Students study digestive system in detail; Students understand balanced diet and its importance",July-August,"UNDERSTAND,APPLY"
VII,MIDDLE,Science,SCI,Respiration and Transportation,"Circulatory systems","Students understand respiration process; Students study blood circulation; Students understand transportation of materials in organisms",August-September,"UNDERSTAND,APPLY,ANALYZE"
VII,MIDDLE,Science,SCI,Animal and Plant Tissues,"Cell organization","Students understand tissue types; Students study plant tissues (meristem, dermal, vascular, ground); Students study animal tissues (epithelial, connective, muscular, nervous)",September-October,"UNDERSTAND,APPLY"
VII,MIDDLE,Science,SCI,Reproduction in Organisms,"Modes of reproduction","Students understand asexual reproduction (binary fission, budding, spore formation); Students understand sexual reproduction; Students study reproduction in plants and animals",October-November,"UNDERSTAND,APPLY"
VII,MIDDLE,Science,SCI,Acids Bases and Salts,"Chemical properties","Students understand pH scale; Students study acid and base properties; Students learn neutralization reactions; Students understand salt formation",November-December,"UNDERSTAND,APPLY,ANALYZE"
VII,MIDDLE,Science,SCI,Physical and Chemical Changes,"Matter transformation","Students distinguish physical from chemical changes; Students understand indicators of chemical changes; Students study reversible and irreversible changes",December-January,"UNDERSTAND,APPLY"
VII,MIDDLE,Science,SCI,Weather Climate and Adaptation,"Weather systems","Students understand weather and climate; Students study weather patterns; Students learn about adaptation of organisms; Students understand atmospheric phenomena",January-February,"UNDERSTAND,APPLY,ANALYZE"
VII,MIDDLE,Science,SCI,Wastewater Story,"Water pollution","Students understand water contamination; Students learn water purification methods; Students understand sewage treatment; Students learn water conservation",February-March,"APPLY,ANALYZE"
VII,MIDDLE,Social Studies,SST,Tracing Changes Through Thousand Years,"Historical periods","Students learn major events in Indian history; Students understand timeline of civilizations; Students study cultural transitions; Students analyze historical developments",July-August,"UNDERSTAND,ANALYZE"
VII,MIDDLE,Social Studies,SST,New Kings and Kingdoms,"Political developments","Students study regional kingdoms; Students understand administrative systems; Students learn about succession and governance",August-September,"UNDERSTAND,ANALYZE"
VII,MIDDLE,Social Studies,SST,Expansion of Empires,"Mughal and Maratha","Students learn about Mughal Empire expansion; Students understand Maratha politics; Students study cultural synthesis",September-October,"UNDERSTAND,ANALYZE"
VII,MIDDLE,Social Studies,SST,Geography of Europe and Asia,"Continents","Students learn geography of Asia; Students study geography of Europe; Students understand climate and vegetation zones",October-November,"UNDERSTAND,APPLY"
VII,MIDDLE,Social Studies,SST,Ruling the Countryside,"Agrarian society","Students understand feudal system; Students study peasant life; Students learn about rural economies",November-December,"UNDERSTAND,ANALYZE"
VII,MIDDLE,Social Studies,SST,Tribals Dikus and Vision of a Golden Age,"Social structure","Students learn about tribal societies; Students understand social changes; Students study cultural perspectives",December-January,"UNDERSTAND,ANALYZE"
VIII,MIDDLE,Mathematics,MATH,Rational Numbers,"Properties and operations","Students perform all operations on rational numbers; Students understand properties (closure, associativity, commutativity); Students solve equations with rational coefficients",July-August,"APPLY,ANALYZE"
VIII,MIDDLE,Mathematics,MATH,Linear Equations,"Equations in one variable","Students solve linear equations in one variable; Students apply transposition method; Students solve word problems using equations; Students check solutions",August-September,"APPLY,ANALYZE"
VIII,MIDDLE,Mathematics,MATH,Understanding Quadrilaterals,"Properties of quadrilaterals","Students understand different types of quadrilaterals; Students learn properties of parallelograms, rectangles, squares; Students solve problems involving angles and sides",September-October,"APPLY,ANALYZE"
VIII,MIDDLE,Mathematics,MATH,Practical Geometry,"Construction","Students construct triangles given different conditions (SSS, SAS, ASA); Students construct quadrilaterals; Students construct perpendiculars and bisectors",October-November,"APPLY,ANALYZE"
VIII,MIDDLE,Mathematics,MATH,Data Handling,"Graphs and probability","Students create and interpret bar graphs, histograms, pie charts; Students understand frequency distribution; Students calculate probability of simple events",November-December,"APPLY,ANALYZE"
VIII,MIDDLE,Mathematics,MATH,Squares and Square Roots,"Properties and calculations","Students recognize perfect squares; Students find square roots; Students understand properties of square roots; Students solve equations involving squares and roots",December-January,"APPLY,ANALYZE"
VIII,MIDDLE,Mathematics,MATH,Cubes and Cube Roots,"3D properties","Students understand perfect cubes; Students calculate cube roots; Students solve problems involving volumes of cubes",January-February,"APPLY,ANALYZE"
VIII,MIDDLE,Mathematics,MATH,Comparing Quantities,"Percentages advanced","Students calculate percent increase/decrease; Students solve problems on simple and compound interest; Students understand profit, loss, discount, tax",February-March,"APPLY,ANALYZE"
VIII,MIDDLE,Mathematics,MATH,Algebraic Expressions and Identities,"Polynomial operations","Students multiply polynomials; Students factor expressions; Students use algebraic identities; Students divide polynomials",March-April,"APPLY,ANALYZE"
VIII,MIDDLE,Mathematics,MATH,Visualizing Solid Shapes,"3D geometry","Students identify 3D shapes from 2D representations; Students understand nets of solids; Students calculate surface area and volume of solids",April-May,"APPLY,ANALYZE"
VIII,MIDDLE,English,ENG,Reading Critically,"Text analysis","Students read and analyze complex texts; Students evaluate arguments; Students identify bias and perspective",July-August,"ANALYZE,EVALUATE"
VIII,MIDDLE,English,ENG,Writing Effectively,"Extended writing","Students write research papers; Students write essays with strong arguments; Students develop critical writing skills",August-September,"APPLY,EVALUATE,CREATE"
VIII,MIDDLE,English,ENG,Language and Grammar,"Stylistic choices","Students understand grammar at advanced level; Students analyze sentence structure; Students study stylistic variations",September-October,"ANALYZE,EVALUATE"
VIII,MIDDLE,English,ENG,Literature and Drama,"Dramatic appreciation","Students read and analyze plays; Students understand dramatic conventions; Students appreciate dramatic techniques",October-November,"ANALYZE,EVALUATE"
VIII,MIDDLE,Science,SCI,Combustion and Flame,"Energy release","Students understand combustion process; Students study types of fuels; Students learn about flame; Students understand fire safety",July-August,"UNDERSTAND,APPLY"
VIII,MIDDLE,Science,SCI,Light,"Reflection and refraction","Students study laws of reflection; Students understand mirrors and lenses; Students learn properties of light; Students understand light propagation",August-September,"APPLY,ANALYZE"
VIII,MIDDLE,Science,SCI,Sound,"Wave properties","Students understand sound production; Students study sound propagation; Students learn about echo and noise; Students understand sound quality",September-October,"UNDERSTAND,APPLY,ANALYZE"
VIII,MIDDLE,Science,SCI,Electricity and Current,"Electric circuits","Students understand electric charge; Students study electric current; Students learn circuit components; Students understand power and energy",October-November,"APPLY,ANALYZE"
VIII,MIDDLE,Science,SCI,Magnetic Effects of Current,"Electromagnetism","Students understand magnetic fields; Students study electromagnets; Students learn about electromagnetic induction; Students understand motors",November-December,"APPLY,ANALYZE"
VIII,MIDDLE,Science,SCI,Matter Properties,"Hardness and solubility","Students understand material properties; Students test hardness; Students study solubility; Students understand material behavior",December-January,"APPLY,ANALYZE"
VIII,MIDDLE,Science,SCI,Pollution Control,"Environmental protection","Students understand types of pollution; Students learn pollution control methods; Students understand environmental conservation",January-February,"APPLY,ANALYZE"
VIII,MIDDLE,Science,SCI,Star and Solar System,"Astronomy basics","Students understand celestial objects; Students study planets and moons; Students learn about stars; Students understand solar system structure",February-March,"UNDERSTAND,APPLY"
VIII,MIDDLE,Social Studies,SST,How When and Where,"Historical methodology","Students understand sources of history; Students learn about historical dating; Students study archaeological evidence",July-August,"UNDERSTAND,ANALYZE"
VIII,MIDDLE,Social Studies,SST,From Trade to Territory,"Colonial expansion","Students understand trade routes; Students study colonial policies; Students learn about territorial expansion",August-September,"UNDERSTAND,ANALYZE"
VIII,MIDDLE,Social Studies,SST,Ruling the Nation,"Governance structures","Students understand Constitution; Students study government organization; Students learn about democratic systems",September-October,"UNDERSTAND,APPLY"
VIII,MIDDLE,Social Studies,SST,Geography Resources and Development,"Resource management","Students understand resource types; Students study resource extraction; Students learn about sustainable development",October-November,"UNDERSTAND,APPLY,ANALYZE"
VIII,MIDDLE,Social Studies,SST,People Culture and Religion,"Social diversity","Students understand cultural diversity; Students study religious traditions; Students learn about social practices",November-December,"UNDERSTAND,ANALYZE"
VIII,MIDDLE,Social Studies,SST,Markets and Commerce,"Economic systems","Students understand commerce and trade; Students study market systems; Students learn about economic activities",December-January,"UNDERSTAND,APPLY"
IX,SECONDARY,Mathematics,MATH,Number Systems,"Real numbers and operations","Students understand different number systems (natural, whole, integers, rationals, irrationals); Students perform operations on real numbers; Students represent real numbers on number line",July-August,"REMEMBER,UNDERSTAND,APPLY"
IX,SECONDARY,Mathematics,MATH,Polynomials,"Polynomial concepts","Students identify and classify polynomials; Students perform polynomial operations; Students factor polynomials; Students find zeros of polynomials",August-September,"APPLY,ANALYZE"
IX,SECONDARY,Mathematics,MATH,Coordinate Geometry,"Plotting and graphs","Students understand Cartesian coordinate system; Students plot points and identify quadrants; Students find distances between points; Students understand equations of lines",September-October,"APPLY,ANALYZE"
IX,SECONDARY,Mathematics,MATH,Linear Equations in Two Variables,"Systems of equations","Students solve linear equations in two variables; Students graph linear equations; Students solve systems of linear equations; Students apply to real-world problems",October-November,"APPLY,ANALYZE"
IX,SECONDARY,Mathematics,MATH,Introduction to Euclid's Geometry,"Geometric foundations","Students understand Euclidean geometry; Students study axioms and postulates; Students prove geometric theorems; Students understand congruence and similarity",November-December,"ANALYZE,EVALUATE"
IX,SECONDARY,Mathematics,MATH,Lines and Angles,"Angle relationships","Students study angle relationships (vertical, linear pair, adjacent); Students understand parallel lines and transversals; Students apply properties to solve problems",December-January,"APPLY,ANALYZE"
IX,SECONDARY,Mathematics,MATH,Triangles,"Triangle properties advanced","Students prove triangle congruency; Students understand triangle inequalities; Students study isosceles and equilateral triangles; Students apply Pythagoras theorem",January-February,"ANALYZE,EVALUATE"
IX,SECONDARY,Mathematics,MATH,Quadrilaterals,"Quadrilateral properties","Students understand properties of different quadrilaterals; Students prove theorems about quadrilaterals; Students solve problems involving angles and sides",February-March,"ANALYZE,EVALUATE"
IX,SECONDARY,Mathematics,MATH,Circles,"Circular geometry","Students understand circle terminology (radius, diameter, chord, tangent); Students study circle theorems; Students solve problems involving circles",March-April,"APPLY,ANALYZE"
IX,SECONDARY,Mathematics,MATH,Heron's Formula,"Area calculations","Students derive and apply Heron's formula; Students calculate areas of triangles using Heron's formula; Students solve composite area problems",April,"APPLY,ANALYZE"
IX,SECONDARY,Mathematics,MATH,Surface Area and Volume,"3D measurements","Students calculate surface areas of solids (prism, pyramid, cylinder, cone, sphere); Students calculate volumes of solids; Students solve real-world problems",April-May,"APPLY,ANALYZE"
IX,SECONDARY,Mathematics,MATH,Statistics,"Data analysis","Students collect and organize data; Students calculate measures of central tendency; Students understand and calculate standard deviation; Students create and interpret graphs",May-June,"APPLY,ANALYZE"
IX,SECONDARY,Mathematics,MATH,Probability,"Probability basics","Students understand probability concepts; Students calculate probability of simple and compound events; Students apply probability in real situations",June,"APPLY,ANALYZE,EVALUATE"
IX,SECONDARY,Science,SCI,Matter in Our Surroundings,"Physical properties","Students understand matter states (solid, liquid, gas); Students learn about evaporation and condensation; Students study sublimation; Students understand pressure",July-August,"UNDERSTAND,APPLY"
IX,SECONDARY,Science,SCI,Is Matter Around Us Pure,"Purity and mixtures","Students understand pure substances vs mixtures; Students identify elements and compounds; Students separate mixtures; Students classify materials",August-September,"UNDERSTAND,APPLY"
IX,SECONDARY,Science,SCI,Atoms and Molecules,"Atomic structure","Students understand Dalton's atomic theory; Students learn atomic and molecular mass; Students study mole concept; Students understand chemical formulas",September-October,"UNDERSTAND,APPLY,ANALYZE"
IX,SECONDARY,Science,SCI,Structure of Atom,"Subatomic particles","Students understand atomic structure; Students study electron configuration; Students learn about isotopes; Students understand atomic number and mass number",October-November,"UNDERSTAND,APPLY"
IX,SECONDARY,Science,SCI,Fundamental Unit of Life,"Cell biology","Students understand cell theory; Students study cell structure and functions; Students compare prokaryotic and eukaryotic cells; Students learn about cell organelles",November-December,"UNDERSTAND,APPLY,ANALYZE"
IX,SECONDARY,Science,SCI,Tissues,"Cell organization","Students understand tissue types; Students study plant tissues (meristem, dermal, vascular, ground); Students study animal tissues (epithelial, connective, muscular, nervous); Students understand tissue functions",December-January,"UNDERSTAND,APPLY"
IX,SECONDARY,Science,SCI,Diversity in Living Organisms,"Classification","Students understand biodiversity; Students study taxonomy and classification; Students learn about different kingdoms; Students classify organisms",January-February,"UNDERSTAND,ANALYZE"
IX,SECONDARY,Science,SCI,Gravity and Motion,"Force and motion","Students understand gravity and gravitational force; Students study Newton's laws of motion; Students calculate acceleration and velocity; Students solve force problems",February-March,"APPLY,ANALYZE"
IX,SECONDARY,Science,SCI,Work Power and Energy,"Mechanical energy","Students understand work as energy transfer; Students study power and efficiency; Students understand kinetic and potential energy; Students learn conservation of energy",March-April,"APPLY,ANALYZE"
IX,SECONDARY,Science,SCI,Sound,"Acoustics","Students understand sound waves; Students study sound propagation; Students learn about frequency and wavelength; Students understand Doppler effect",April-May,"APPLY,ANALYZE"
IX,SECONDARY,Science,SCI,Why do Objects Move,"Laws of motion","Students understand Newton's first law (inertia); Students study Newton's second law (F=ma); Students learn Newton's third law (action-reaction); Students apply laws to problems",May-June,"APPLY,ANALYZE"
IX,SECONDARY,English,ENG,Reading Comprehension,"Complex texts","Students read and comprehend advanced texts; Students analyze structure and meaning; Students evaluate author's techniques; Students make critical inferences",July-August,"ANALYZE,EVALUATE"
IX,SECONDARY,English,ENG,Creative Writing,"Narrative and description","Students write detailed narratives; Students compose descriptive passages; Students create character development; Students write dialogues",August-September,"CREATE"
IX,SECONDARY,English,ENG,Grammar and Language,"Advanced syntax","Students master complex grammatical structures; Students understand sentence transformation; Students study parallelism and emphasis",September-October,"APPLY,ANALYZE"
IX,SECONDARY,English,ENG,Literature Appreciation,"Texts and context","Students read and analyze literary texts; Students understand author's purpose; Students study literary movements; Students appreciate diverse perspectives",October-November,"ANALYZE,EVALUATE"
IX,SECONDARY,Social Studies,SST,The French Revolution,"Social upheaval","Students understand causes of revolution; Students study revolutionary ideas; Students learn about social changes; Students evaluate impact on society",July-August,"UNDERSTAND,ANALYZE,EVALUATE"
IX,SECONDARY,Social Studies,SST,Socialism and Communism,"Political ideologies","Students understand socialist theory; Students study communist movements; Students learn about implementation; Students evaluate success and challenges",August-September,"UNDERSTAND,ANALYZE"
IX,SECONDARY,Social Studies,SST,Nazism and Fascism,"Authoritarian regimes","Students understand fascist and Nazi ideology; Students study rise to power; Students learn about consequences; Students evaluate historical lessons",September-October,"ANALYZE,EVALUATE"
IX,SECONDARY,Social Studies,SST,India and Contemporary World,"World events","Students understand international relations; Students study India's foreign policy; Students learn about global conflicts; Students understand India's role",October-November,"UNDERSTAND,ANALYZE"
IX,SECONDARY,Social Studies,SST,Indian Culture and Traditions,"Heritage","Students understand Indian classical arts; Students study folk traditions; Students learn about festivals; Students appreciate cultural synthesis",November-December,"UNDERSTAND,ANALYZE"
IX,SECONDARY,Social Studies,SST,Federalism and Indian Constitution,"Governance","Students understand federalism concept; Students study Indian Constitution features; Students learn about separation of powers; Students understand rights and duties",December-January,"UNDERSTAND,APPLY"
X,SECONDARY,Mathematics,MATH,Real Numbers,"Number theory","Students understand real number properties; Students perform operations on real numbers; Students understand rationals and irrationals; Students simplify surds",July-August,"REMEMBER,UNDERSTAND,APPLY"
X,SECONDARY,Mathematics,MATH,Polynomials,"Factorization and division","Students factor polynomials; Students perform polynomial division; Students use Remainder and Factor Theorems; Students find zeros of polynomials",August-September,"APPLY,ANALYZE"
X,SECONDARY,Mathematics,MATH,Pairs of Linear Equations,"System solving","Students solve pairs of linear equations by graphical and algebraic methods; Students analyze consistency of systems; Students apply to real-world situations",September-October,"APPLY,ANALYZE"
X,SECONDARY,Mathematics,MATH,Quadratic Equations,"Solving quadratics","Students solve quadratic equations using factorization, completing square, quadratic formula; Students analyze roots using discriminant; Students apply to problems",October-November,"APPLY,ANALYZE"
X,SECONDARY,Mathematics,MATH,Arithmetic Progressions,"Sequences","Students identify and understand arithmetic progressions; Students find nth term and sum of AP; Students apply AP to real situations",November-December,"APPLY,ANALYZE"
X,SECONDARY,Mathematics,MATH,Triangles and Similarity,"Advanced triangle properties","Students understand similarity of triangles; Students apply Basic Proportionality Theorem; Students use triangle properties in problems; Students understand area relationships",December-January,"ANALYZE,EVALUATE"
X,SECONDARY,Mathematics,MATH,Circles and Tangents,"Circle theorems","Students study circle theorems; Students understand tangent properties; Students solve problems involving tangents and secants; Students construct tangents",January-February,"APPLY,ANALYZE"
X,SECONDARY,Mathematics,MATH,Coordinate Geometry,"Distance and section","Students find distance between two points; Students find section formula; Students find centroid of triangle; Students find area using coordinates",February-March,"APPLY,ANALYZE"
X,SECONDARY,Mathematics,MATH,Trigonometry,"Trigonometric ratios","Students understand sine, cosine, tangent ratios; Students calculate values for standard angles; Students apply trigonometry in problems; Students understand complementary angle relationships",March-April,"APPLY,ANALYZE"
X,SECONDARY,Mathematics,MATH,Applications of Trigonometry,"Heights and distances","Students apply trigonometry to find heights and distances; Students solve angle of elevation and depression problems; Students use applications in navigation and astronomy",April-May,"APPLY,ANALYZE"
X,SECONDARY,Mathematics,MATH,Circles and Areas,"Perimeter and area","Students calculate perimeter and area of circles; Students find sector and segment areas; Students solve problems involving combinations of shapes",May,"APPLY,ANALYZE"
X,SECONDARY,Mathematics,MATH,Surface Areas and Volumes,"Solid geometry","Students calculate surface areas of solids; Students calculate volumes of solids and combinations; Students solve real-world geometry problems",May-June,"APPLY,ANALYZE"
X,SECONDARY,Mathematics,MATH,Probability,"Events and probability","Students calculate probability of simple and compound events; Students understand mutually exclusive and independent events; Students apply probability in real contexts",June,"APPLY,ANALYZE,EVALUATE"
X,SECONDARY,Science,SCI,Chemical Reactions and Equations,"Balancing and types","Students write chemical equations; Students balance equations; Students understand types of reactions (combination, decomposition, displacement, double displacement); Students calculate stoichiometry",July-August,"UNDERSTAND,APPLY"
X,SECONDARY,Science,SCI,Acids Bases and Salts,"Properties and reactions","Students understand pH scale; Students learn properties of acids and bases; Students study neutralization reactions; Students understand salt formation and properties",August-September,"UNDERSTAND,APPLY,ANALYZE"
X,SECONDARY,Science,SCI,Metals and Non-metals,"Properties and reactions","Students compare properties of metals and non-metals; Students study metal extraction; Students understand reactivity series; Students learn corrosion prevention",September-October,"UNDERSTAND,ANALYZE"
X,SECONDARY,Science,SCI,Carbon and Its Compounds,"Organic chemistry basics","Students understand properties of carbon; Students study alkanes, alkenes, alkynes; Students understand covalent bonding; Students learn about organic reactions",October-November,"UNDERSTAND,APPLY"
X,SECONDARY,Science,SCI,Periodic Classification,"Modern periodic table","Students understand periodic table organization; Students study periodic trends; Students classify elements; Students predict element properties",November-December,"UNDERSTAND,APPLY"
X,SECONDARY,Science,SCI,Life Processes,"Nutrition and transport","Students understand modes of nutrition; Students study photosynthesis in detail; Students learn human digestive system; Students understand transport in plants and animals",December-January,"UNDERSTAND,APPLY"
X,SECONDARY,Science,SCI,Control and Coordination,"Nervous and endocrine systems","Students understand human nervous system; Students study reflex actions; Students learn about hormones and endocrine glands; Students understand plant hormones",January-February,"UNDERSTAND,APPLY"
X,SECONDARY,Science,SCI,Reproduction,"Sexual and asexual reproduction","Students understand modes of reproduction; Students study human reproductive system; Students understand reproductive health; Students learn plant reproduction",February-March,"UNDERSTAND,APPLY"
X,SECONDARY,Science,SCI,Heredity and Evolution,"Genetics and natural selection","Students understand Mendel's laws; Students study inheritance patterns; Students understand DNA and genes; Students learn evolutionary concepts and evidence",March-April,"UNDERSTAND,APPLY,ANALYZE"
X,SECONDARY,Science,SCI,Light Reflection and Refraction,"Optics basics","Students study laws of reflection; Students learn mirrors and lenses; Students understand magnification; Students solve ray optics problems",April-May,"APPLY,ANALYZE"
X,SECONDARY,Science,SCI,Human Eye and Vision,"Optical phenomena","Students understand eye structure and functioning; Students learn common vision defects; Students study prism and spectrum; Students understand atmospheric refraction",May,"APPLY,ANALYZE"
X,SECONDARY,Science,SCI,Electricity and Current,"Electric circuits","Students understand electric current and potential difference; Students study Ohm's law; Students understand power and energy; Students solve circuit problems",May-June,"APPLY,ANALYZE"
X,SECONDARY,Science,SCI,Magnetic Effects of Current,"Electromagnetism","Students understand magnetic fields; Students study electromagnetic induction; Students learn AC and DC; Students understand motor and generator principles",June,"APPLY,ANALYZE"
X,SECONDARY,English,ENG,Reading and Interpretation,"Critical analysis","Students read and interpret complex texts; Students analyze meaning and structure; Students evaluate author's techniques; Students make sophisticated inferences",July-August,"ANALYZE,EVALUATE"
X,SECONDARY,English,ENG,Writing and Composition,"Extended essays","Students write persuasive essays; Students compose formal letters; Students write narrative essays; Students develop thesis and arguments",August-September,"APPLY,CREATE"
X,SECONDARY,English,ENG,Grammar and Usage,"Sentence mastery","Students master all grammatical structures; Students understand sentence transformation; Students study stylistic variations; Students use grammar for effect",September-October,"APPLY,ANALYZE"
X,SECONDARY,English,ENG,Literature and Drama,"Literary analysis","Students analyze plays and their techniques; Students understand character development; Students study thematic elements; Students appreciate dramatic conventions",October-November,"ANALYZE,EVALUATE"
X,SECONDARY,Social Studies,SST,The Rise of Nationalism,"National consciousness","Students understand nationalism concept; Students study nationalist movements in India; Students learn about cultural revival; Students evaluate social impact",July-August,"UNDERSTAND,ANALYZE"
X,SECONDARY,Social Studies,SST,Indian National Movement,"Independence struggle","Students understand origins of independence movement; Students study leaders and organizations; Students learn major events; Students evaluate strategies and outcomes",August-September,"ANALYZE,EVALUATE"
X,SECONDARY,Social Studies,SST,Print Culture and Modern World,"Information revolution","Students understand print media impact; Students study cultural changes; Students learn about communication; Students evaluate modernity",September-October,"UNDERSTAND,ANALYZE"
X,SECONDARY,Social Studies,SST,Colonialism and Colonial Societies,"Imperial expansion","Students understand colonialism; Students study colonial systems; Students learn about colonial resistance; Students evaluate economic and social impact",October-November,"ANALYZE,EVALUATE"
X,SECONDARY,Social Studies,SST,Indian Constitution and Democracy,"Governance framework","Students understand Constitution making; Students study constitutional provisions; Students learn about democratic processes; Students understand rights and duties",November-December,"UNDERSTAND,APPLY"
X,SECONDARY,Social Studies,SST,Resources and Development,"Economics","Students understand resource types and management; Students study sustainable development; Students learn about economic activities; Students evaluate environmental impact",December-January,"APPLY,ANALYZE"
XI,SECONDARY,Mathematics,MATH,Sets and Relations,"Set theory basics","Students understand set notation and operations; Students learn relations and functions; Students represent sets using Venn diagrams; Students solve set theory problems",July-August,"REMEMBER,UNDERSTAND"
XI,SECONDARY,Mathematics,MATH,Relations and Functions,"Function concepts","Students understand ordered pairs and Cartesian product; Students study domain and codomain; Students classify functions; Students study inverse functions",August-September,"UNDERSTAND,APPLY"
XI,SECONDARY,Mathematics,MATH,Trigonometric Functions,"Trigonometry advanced","Students define trigonometric functions; Students learn graphs of trigonometric functions; Students study trigonometric identities; Students solve equations",September-October,"APPLY,ANALYZE"
XI,SECONDARY,Mathematics,MATH,Sequences and Series,"Progressions","Students study arithmetic progressions; Students study geometric progressions; Students learn sum formulas; Students understand convergence",October-November,"APPLY,ANALYZE"
XI,SECONDARY,Mathematics,MATH,Combinatorics,"Permutations and combinations","Students understand fundamental counting principle; Students study permutations and combinations; Students solve selection and arrangement problems",November-December,"APPLY,ANALYZE"
XI,SECONDARY,Mathematics,MATH,Binomial Theorem,"Expansion","Students understand binomial expansion; Students apply binomial theorem; Students find specific terms in binomial expansion; Students understand Pascal's triangle",December-January,"APPLY,ANALYZE"
XI,SECONDARY,Mathematics,MATH,Limits and Continuity,"Calculus foundations","Students understand limits of functions; Students study continuity; Students calculate limits algebraically and graphically; Students understand theorems",January-February,"ANALYZE"
XI,SECONDARY,Mathematics,MATH,Derivatives,"Calculus basics","Students understand derivative as rate of change; Students calculate derivatives from first principles; Students learn differentiation rules; Students apply derivatives",February-March,"ANALYZE,EVALUATE"
XI,SECONDARY,Mathematics,MATH,Mathematical Reasoning,"Logic","Students understand mathematical statements; Students study logical connectives; Students learn implications and equivalences; Students prove statements",March-April,"EVALUATE"
XI,SECONDARY,Mathematics,MATH,Complex Numbers,"Algebra advanced","Students understand complex number system; Students perform operations on complex numbers; Students represent complex numbers geometrically; Students solve equations",April-May,"APPLY,ANALYZE"
XI,SECONDARY,Physics,PHY,Physical World,"Scope and limitations","Students understand physics scope; Students study methods of physics; Students learn about physical quantities; Students understand SI units",July-August,"REMEMBER,UNDERSTAND"
XI,SECONDARY,Physics,PHY,Motion in One Dimension,"Kinematics","Students understand displacement and velocity; Students study acceleration; Students apply kinematic equations; Students solve motion problems",August-September,"APPLY,ANALYZE"
XI,SECONDARY,Physics,PHY,Forces and Newton's Laws,"Dynamics","Students understand types of forces; Students study Newton's three laws; Students apply laws to problems; Students understand friction and tension",September-October,"APPLY,ANALYZE"
XI,SECONDARY,Physics,PHY,Work Energy and Power,"Mechanical energy","Students understand work concept; Students study kinetic and potential energy; Students learn conservation of energy; Students understand power and efficiency",October-November,"APPLY,ANALYZE"
XI,SECONDARY,Physics,PHY,Rotational Motion,"Angular kinematics","Students understand angular displacement and velocity; Students study torque and angular acceleration; Students understand moment of inertia; Students apply rotational equations",November-December,"APPLY,ANALYZE"
XI,SECONDARY,Physics,PHY,Gravitation,"Universal forces","Students understand gravitational force; Students study planetary motion; Students learn Kepler's laws; Students calculate gravitational potential",December-January,"APPLY,ANALYZE"
XI,SECONDARY,Physics,PHY,Oscillations and Waves,"Periodic motion","Students understand simple harmonic motion; Students study waves and wave properties; Students learn wave equations; Students understand interference and diffraction",January-February,"APPLY,ANALYZE"
XI,SECONDARY,Physics,PHY,Thermal Physics,"Heat and temperature","Students understand heat and temperature; Students study thermal expansion; Students learn laws of thermodynamics; Students apply heat calculations",February-March,"APPLY,ANALYZE"
XI,SECONDARY,Chemistry,CHM,Basic Concepts,"Atomic structure","Students understand atomic theory; Students study atomic structure; Students learn electron configuration; Students understand quantum numbers",July-August,"REMEMBER,UNDERSTAND"
XI,SECONDARY,Chemistry,CHM,Structure of Atom,"Subatomic particles","Students study electrons, protons, and neutrons; Students learn about isotopes and isobars; Students understand atomic mass and mass number",August-September,"UNDERSTAND,APPLY"
XI,SECONDARY,Chemistry,CHM,Classification of Elements,"Periodic table","Students understand periodic table organization; Students study periodic trends; Students learn about chemical properties; Students predict element behavior",September-October,"UNDERSTAND,APPLY"
XI,SECONDARY,Chemistry,CHM,Chemical Bonding,"Molecular structure","Students understand ionic bonding; Students study covalent bonding; Students learn coordinate bonding; Students understand metallic bonding",October-November,"UNDERSTAND,APPLY,ANALYZE"
XI,SECONDARY,Chemistry,CHM,Equilibrium,"Reversible reactions","Students understand chemical equilibrium; Students study equilibrium constants; Students learn Le Chatelier's principle; Students calculate equilibrium concentrations",November-December,"APPLY,ANALYZE"
XI,SECONDARY,Chemistry,CHM,Redox Reactions,"Oxidation and reduction","Students understand oxidation and reduction; Students study electron transfer; Students balance redox equations; Students apply oxidation numbers",December-January,"APPLY,ANALYZE"
XI,SECONDARY,Chemistry,CHM,Hydrocarbons,"Organic chemistry basics","Students understand hydrocarbon classification; Students study alkanes, alkenes, alkynes; Students learn combustion and reactions; Students understand isomerism",January-February,"UNDERSTAND,APPLY"
XI,SECONDARY,English,ENG,Poetry Analysis,"Literary interpretation","Students analyze poems in detail; Students understand poetic devices; Students study form and structure; Students appreciate artistic expression",July-August,"ANALYZE,EVALUATE"
XI,SECONDARY,English,ENG,Prose Analysis,"Narrative techniques","Students analyze prose passages; Students understand narrative structure; Students study characterization; Students evaluate author's style",August-September,"ANALYZE,EVALUATE"
XI,SECONDARY,English,ENG,Writing and Composition,"Advanced essays","Students write analytical essays; Students compose argumentative pieces; Students develop sophisticated arguments; Students support with evidence",September-October,"CREATE,EVALUATE"
XI,SECONDARY,History,HIS,Themes in Indian History,"Patterns and developments","Students understand major themes in Indian history; Students study cultural continuity and change; Students evaluate historical interpretations; Students analyze cause and effect",July-August,"ANALYZE,EVALUATE"
XI,SECONDARY,History,HIS,Early India,"Ancient period","Students study Indus Valley Civilization; Students understand Vedic period; Students learn about Maurya and Gupta empires; Students study religious developments",August-September,"UNDERSTAND,ANALYZE"
XI,SECONDARY,History,HIS,Early Medieval India,"Medieval period","Students study regional kingdoms; Students learn about Tripartite struggle; Students understand feudalism; Students analyze cultural developments",September-October,"UNDERSTAND,ANALYZE"
XI,SECONDARY,History,HIS,Late Medieval India,"Mughal era","Students study Mughal Empire; Students understand administrative systems; Students analyze cultural synthesis; Students evaluate Mughal legacy",October-November,"ANALYZE,EVALUATE"
XI,SECONDARY,Geography,GEO,India Physical Features,"Landforms","Students understand India's geography; Students study mountains, plateaus, and plains; Students learn about climate; Students understand vegetation zones",July-August,"REMEMBER,UNDERSTAND,APPLY"
XI,SECONDARY,Geography,GEO,India Climate Vegetation,"Biogeography","Students understand climate classification; Students study monsoons; Students learn about natural vegetation; Students understand soil formation",August-September,"UNDERSTAND,APPLY"
XI,SECONDARY,Geography,GEO,Population,"Demographics","Students understand population distribution; Students study population growth; Students learn about migration; Students understand demographic transitions",September-October,"ANALYZE"
XI,SECONDARY,Economics,ECO,Indian Economy,"Economic overview","Students understand economic structure; Students study sectors of economy; Students learn about economic challenges; Students understand development indicators",July-August,"UNDERSTAND,APPLY"
XI,SECONDARY,Economics,ECO,Liberalization Privatization and Globalization,"Economic reforms","Students understand economic liberalization; Students study privatization effects; Students learn about globalization impact; Students evaluate economic policies",August-September,"ANALYZE,EVALUATE"
XII,SECONDARY,Mathematics,MATH,Relations and Functions,"Advanced properties","Students study composition of functions; Students understand bijections; Students find inverses; Students apply function concepts",July-August,"ANALYZE,EVALUATE"
XII,SECONDARY,Mathematics,MATH,Inverse Trigonometric Functions,"Trigonometric inverses","Students understand inverse trigonometric functions; Students find domain and range; Students solve equations involving inverse functions",August-September,"APPLY,ANALYZE"
XII,SECONDARY,Mathematics,MATH,Matrices and Determinants,"Linear algebra","Students perform matrix operations; Students calculate determinants; Students find matrix inverses; Students apply to linear systems",September-October,"APPLY,ANALYZE"
XII,SECONDARY,Mathematics,MATH,Continuity and Differentiability,"Calculus advanced","Students study continuity and differentiability; Students understand mean value theorems; Students study derivatives of composite and implicit functions",October-November,"ANALYZE,EVALUATE"
XII,SECONDARY,Mathematics,MATH,Applications of Derivatives,"Optimization","Students find maximum and minimum values; Students study curve sketching; Students solve optimization problems; Students understand rate of change applications",November-December,"APPLY,ANALYZE"
XII,SECONDARY,Mathematics,MATH,Integration,"Antiderivatives","Students understand integration as antiderivative; Students learn integration rules; Students calculate definite and indefinite integrals; Students apply to area problems",December-January,"APPLY,ANALYZE"
XII,SECONDARY,Mathematics,MATH,Applications of Integration,"Calculus applications","Students find areas under curves; Students calculate volumes of revolution; Students solve differential equations; Students apply integration to real situations",January-February,"APPLY,ANALYZE"
XII,SECONDARY,Mathematics,MATH,Differential Equations,"ODEs","Students solve first-order differential equations; Students understand general and particular solutions; Students apply to real-world modeling",February-March,"APPLY,ANALYZE"
XII,SECONDARY,Mathematics,MATH,Vectors and 3D Geometry,"Space geometry","Students understand vector operations; Students study scalar and vector products; Students write equations of lines and planes in 3D; Students find distances and angles",March-April,"APPLY,ANALYZE"
XII,SECONDARY,Mathematics,MATH,Linear Programming,"Optimization problems","Students formulate linear programming problems; Students use graphical method; Students find optimal solutions; Students solve real-world optimization problems",April-May,"APPLY,ANALYZE,EVALUATE"
XII,SECONDARY,Mathematics,MATH,Probability Theory,"Probability advanced","Students study random variables; Students understand probability distributions; Students calculate mean and variance; Students apply to real situations",May-June,"APPLY,ANALYZE,EVALUATE"
XII,SECONDARY,Physics,PHY,Electric Charge and Field,"Electrostatics","Students understand electric charge; Students study Coulomb's law; Students learn electric field and potential; Students understand conductors and insulators",July-August,"UNDERSTAND,APPLY"
XII,SECONDARY,Physics,PHY,Electric Potential and Capacitance,"Electrical potential energy","Students understand electric potential; Students study capacitors; Students learn dielectric properties; Students calculate electrical energy",August-September,"APPLY,ANALYZE"
XII,SECONDARY,Physics,PHY,Current Electricity,"Electric circuits","Students understand electric current; Students study Ohm's law; Students learn circuit components; Students solve complex circuits",September-October,"APPLY,ANALYZE"
XII,SECONDARY,Physics,PHY,Magnetic Effects of Electric Current,"Magnetism","Students understand magnetic fields; Students study magnetic force on charges; Students learn electromagnetic induction; Students understand transformers",October-November,"APPLY,ANALYZE"
XII,SECONDARY,Physics,PHY,Electromagnetic Induction,"Faraday's laws","Students understand electromagnetic induction; Students study induced EMF; Students learn Lenz's law; Students understand AC and DC generators",November-December,"APPLY,ANALYZE"
XII,SECONDARY,Physics,PHY,Alternating Currents,"AC circuits","Students understand AC voltage and current; Students study impedance; Students learn power factor; Students solve AC circuit problems",December-January,"APPLY,ANALYZE"
XII,SECONDARY,Physics,PHY,Electromagnetic Waves,"Wave properties","Students understand EM wave properties; Students study spectrum; Students learn wave equations; Students apply to communications",January-February,"APPLY,ANALYZE"
XII,SECONDARY,Physics,PHY,Ray Optics,"Geometrical optics","Students study reflection and refraction; Students understand lenses and mirrors; Students learn optical instruments; Students solve ray optics problems",February-March,"APPLY,ANALYZE"
XII,SECONDARY,Physics,PHY,Wave Optics,"Physical optics","Students understand wave behavior of light; Students study interference and diffraction; Students learn polarization; Students apply wave concepts",March-April,"ANALYZE,EVALUATE"
XII,SECONDARY,Physics,PHY,Quantum Nature of Radiation,"Modern physics","Students understand photons and photoelectric effect; Students study X-rays; Students learn about radiation properties; Students apply quantum concepts",April-May,"APPLY,ANALYZE"
XII,SECONDARY,Physics,PHY,Structure of Atoms,"Nuclear physics","Students understand atomic models; Students study electron orbits; Students learn about spectra; Students understand transitions",May-June,"APPLY,ANALYZE"
XII,SECONDARY,Chemistry,CHM,Solutions,"Colligative properties","Students understand solution formation; Students study colligative properties; Students calculate concentrations; Students learn osmotic pressure",July-August,"APPLY,ANALYZE"
XII,SECONDARY,Chemistry,CHM,Electrochemistry,"Redox and electricity","Students understand electrochemical cells; Students study electrode potentials; Students learn Nernst equation; Students solve electrochemistry problems",August-September,"APPLY,ANALYZE"
XII,SECONDARY,Chemistry,CHM,Chemical Kinetics,"Reaction rates","Students understand reaction rates; Students study rate equations; Students learn about catalysts; Students understand reaction mechanisms",September-October,"APPLY,ANALYZE"
XII,SECONDARY,Chemistry,CHM,Surface Chemistry,"Colloids and catalysis","Students understand adsorption and absorption; Students study colloids; Students learn about emulsions; Students understand heterogeneous catalysis",October-November,"APPLY,ANALYZE"
XII,SECONDARY,Chemistry,CHM,General Principles,"Extraction of metals","Students understand metal extraction; Students study reduction processes; Students learn refining methods; Students understand environmental impact",November-December,"APPLY,ANALYZE"
XII,SECONDARY,Chemistry,CHM,d-Block Elements,"Transition metals","Students understand d-block chemistry; Students study coordination compounds; Students learn about complexes; Students apply complexation concepts",December-January,"APPLY,ANALYZE"
XII,SECONDARY,Chemistry,CHM,Organic Compounds,"Functional groups","Students understand functional group chemistry; Students study organic reactions; Students learn reaction mechanisms; Students classify organic compounds",January-February,"APPLY,ANALYZE"
XII,SECONDARY,Chemistry,CHM,Haloalkanes and Haloarenes,"Halogen compounds","Students understand halogenation; Students study substitution reactions; Students learn elimination reactions; Students understand reaction conditions",February-March,"APPLY,ANALYZE"
XII,SECONDARY,Chemistry,CHM,Alcohols Phenols and Ethers,"Oxygen compounds","Students understand alcohol chemistry; Students study phenols; Students learn ether properties; Students apply oxidation and reduction",March-April,"APPLY,ANALYZE"
XII,SECONDARY,Chemistry,CHM,Aldehydes Ketones and Carboxylic Acids,"Carbonyl compounds","Students understand carbonyl chemistry; Students study oxidation states; Students learn nucleophilic addition; Students understand acidity",April-May,"APPLY,ANALYZE"
XII,SECONDARY,Chemistry,CHM,Organic Compounds Nitrogen,"Nitrogen compounds","Students understand nitrogen chemistry; Students study amines and amides; Students learn nitrile chemistry; Students understand amino acids",May-June,"APPLY,ANALYZE"
XII,SECONDARY,Biology,BIO,Reproduction in Organisms,"Sexual and asexual","Students understand modes of reproduction; Students study sexual reproduction in animals; Students learn plant reproduction; Students understand reproductive strategies",July-August,"UNDERSTAND,APPLY"
XII,SECONDARY,Biology,BIO,Sexual Reproduction in Flowering Plants,"Flower structure","Students understand flower parts; Students study pollination; Students learn fertilization; Students understand seed and fruit development",August-September,"UNDERSTAND,APPLY,ANALYZE"
XII,SECONDARY,Biology,BIO,Human Reproduction,"Reproductive systems","Students understand male and female reproductive systems; Students study menstrual cycle; Students learn fertilization and implantation; Students understand fetal development",September-October,"UNDERSTAND,APPLY"
XII,SECONDARY,Biology,BIO,Reproductive Health,"Disease and contraception","Students understand reproductive diseases; Students study STIs; Students learn contraceptive methods; Students understand reproductive counseling",October-November,"APPLY,ANALYZE"
XII,SECONDARY,Biology,BIO,Genetics and Evolution,"Inheritance patterns","Students understand Mendelian genetics; Students study inheritance patterns; Students learn chromosomal basis of inheritance; Students understand genetic disorders",November-December,"APPLY,ANALYZE"
XII,SECONDARY,Biology,BIO,Molecular Basis of Inheritance,"DNA and RNA","Students understand DNA structure; Students study genetic code; Students learn replication and transcription; Students understand translation",December-January,"APPLY,ANALYZE"
XII,SECONDARY,Biology,BIO,Evolution,"Natural selection","Students understand evolutionary concepts; Students study mechanisms of evolution; Students learn evidence for evolution; Students understand human evolution",January-February,"ANALYZE,EVALUATE"
XII,SECONDARY,Biology,BIO,Human Health and Diseases,"Immune system","Students understand disease and health; Students study types of diseases; Students learn immune response; Students understand vaccines and immunity",February-March,"UNDERSTAND,APPLY"
XII,SECONDARY,Biology,BIO,Strategies for Enhancement,"Breeding and biotechnology","Students understand plant and animal breeding; Students study biotechnology methods; Students learn genetic engineering; Students understand applications",March-April,"APPLY,ANALYZE"
XII,SECONDARY,Biology,BIO,Microbes in Human Welfare,"Microbiology","Students understand microbial diversity; Students study microbes in industry; Students learn food production; Students understand sanitation",April-May,"APPLY,ANALYZE"
XII,SECONDARY,English,ENG,Literary Appreciation,"Analysis and interpretation","Students analyze complex literary works; Students understand literary movements; Students evaluate artistic choices; Students make critical judgments",July-August,"ANALYZE,EVALUATE"
XII,SECONDARY,English,ENG,Critical Writing,"Essays and arguments","Students write critical essays; Students develop complex arguments; Students analyze counterarguments; Students support with textual evidence",August-September,"ANALYZE,EVALUATE,CREATE"
XII,SECONDARY,History,HIS,Themes in Indian History,"Synthesis and analysis","Students synthesize historical information; Students understand historiography; Students evaluate interpretations; Students analyze primary sources",July-August,"ANALYZE,EVALUATE"
XII,SECONDARY,History,HIS,Early Medieval India,"Feudalism and kingdoms","Students study early medieval polities; Students understand feudalism; Students learn economic systems; Students analyze cultural changes",August-September,"ANALYZE,EVALUATE"
XII,SECONDARY,History,HIS,Later Medieval India,"Mughal and Safavid","Students study Mughal administration; Students understand succession; Students learn about wars of succession; Students evaluate Mughal contributions",September-October,"ANALYZE,EVALUATE"
XII,SECONDARY,History,HIS,Modern India and South Asia,"18th century transitions","Students understand pre-colonial economy; Students study British expansion; Students learn about early resistance; Students evaluate transitions",October-November,"ANALYZE,EVALUATE"
XII,SECONDARY,Geography,GEO,Human Geography,"Populations and societies","Students understand population patterns; Students study cultural geography; Students learn about social organization; Students understand development issues",July-August,"ANALYZE"
XII,SECONDARY,Geography,GEO,Economic Geography,"Production and trade","Students understand economic systems; Students study production patterns; Students learn trade and commerce; Students analyze economic disparities",August-September,"ANALYZE,EVALUATE"
XII,SECONDARY,Geography,GEO,Political Geography,"Geopolitics","Students understand political systems; Students study boundaries and conflicts; Students learn about sovereignty; Students understand geopolitics",September-October,"ANALYZE,EVALUATE"
XII,SECONDARY,Economics,ECO,Microeconomics,"Consumers and producers","Students understand consumer behavior; Students study demand and supply; Students learn market structures; Students analyze price determination",July-August,"APPLY,ANALYZE"
XII,SECONDARY,Economics,ECO,Macroeconomics,"National economy","Students understand national income; Students study aggregate demand and supply; Students learn about inflation; Students analyze monetary and fiscal policy",August-September,"ANALYZE,EVALUATE"
XII,SECONDARY,Economics,ECO,International Economics,"Global trade","Students understand international trade; Students study comparative advantage; Students learn exchange rates; Students understand trade agreements",September-October,"ANALYZE,EVALUATE"
XII,SECONDARY,Political Science,POL,Aspects of Democracy,"Democratic systems","Students understand democracy; Students study democratic institutions; Students learn about participation; Students understand electoral processes",July-August,"UNDERSTAND,APPLY"
XII,SECONDARY,Political Science,POL,Indian Constitution,"Constitutional framework","Students understand Constitution structure; Students study fundamental rights; Students learn about duties; Students understand constitutional amendments",August-September,"UNDERSTAND,APPLY"
XII,SECONDARY,Political Science,POL,Governance and Accountability,"Public administration","Students understand governance; Students study administrative bodies; Students learn about accountability mechanisms; Students understand transparency",September-October,"APPLY,ANALYZE"
